-- phpMyAdmin SQL Dump
-- version 5.0.2
-- https://www.phpmyadmin.net/
--
-- Host: 127.0.0.1
-- Generation Time: Jul 23, 2020 at 12:57 PM
-- Server version: 10.4.11-MariaDB
-- PHP Version: 7.4.6

SET SQL_MODE = "NO_AUTO_VALUE_ON_ZERO";
START TRANSACTION;
SET time_zone = "+00:00";


/*!40101 SET @OLD_CHARACTER_SET_CLIENT=@@CHARACTER_SET_CLIENT */;
/*!40101 SET @OLD_CHARACTER_SET_RESULTS=@@CHARACTER_SET_RESULTS */;
/*!40101 SET @OLD_COLLATION_CONNECTION=@@COLLATION_CONNECTION */;
/*!40101 SET NAMES utf8mb4 */;

--
-- Database: `perkuliahan`
--

-- --------------------------------------------------------

--
-- Table structure for table `dosen`
--

CREATE TABLE `dosen` (
  `id` int(11) NOT NULL,
  `nama` varchar(255) NOT NULL,
  `nip` varchar(50) DEFAULT NULL
) ENGINE=InnoDB DEFAULT CHARSET=latin1;

--
-- Dumping data for table `dosen`
--

INSERT INTO `dosen` (`id`, `nama`, `nip`) VALUES
(1, 'ALI BARDADI', ''),
(2, 'ALI IBRAHIM', ''),
(4, 'ALLSELLA MEIRIZA, M.T', ''),
(5, 'ARI WEDHASMARA', ''),
(6, 'APRIANSYAH PUTRA', ''),
(7, 'BAYU WIJAYA PUTRA', ''),
(8, 'DEDI KURNIAWAN', ''),
(9, 'DINDA LESTARINI', ''),
(10, 'DINNA YUNIKA, M.T', ''),
(11, 'DERIS STIAWAN', ''),
(12, 'DWI ROSA INDAH, M.T', ''),
(13, 'ERMATITA', ''),
(14, 'ENDANG LESTARI RUSKAN', ''),
(15, 'ERMANOVIDA', ''),
(16, 'FATHONI', ''),
(17, 'IMAN SALADDIN, MMSI', ''),
(18, 'JAIDAN JAUHARI, M.T', ''),
(19, 'KEN DITHA TANIA', ''),
(20, 'M. IKHSAN JAMBAK', ''),
(21, 'MGS. AFRIYAN FIRDAUS', ''),
(22, 'MPK', ''),
(23, 'MUHAMMAD HIDAYAT, M.SI.AK,CA', ''),
(24, 'NABILA RIZKY OKTADINI', ''),
(25, 'NUR KHAMISAH, S.E', ''),
(26, 'YADI UTAMA', ''),
(27, 'SRI MARYATI, S.E., MSC', ''),
(28, 'TRI SARTIKA PRATIWI', ''),
(29, 'PACU PUTRA', ''),
(30, 'PUTRI EKA SEVTIYUNI', ''),
(31, 'RAHMAT IZWAN', ''),
(32, 'RUDI SANJAYA', ''),
(33, 'YUNITA', ''),
(35, 'ASD', '');

-- --------------------------------------------------------

--
-- Table structure for table `jadwal`
--

CREATE TABLE `jadwal` (
  `id` int(11) NOT NULL,
  `dosen1` varchar(255) DEFAULT NULL,
  `dosen2` varchar(255) DEFAULT NULL,
  `mk` varchar(255) NOT NULL,
  `kode_mk` varchar(100) NOT NULL,
  `kelas` varchar(100) NOT NULL,
  `sks` int(11) NOT NULL,
  `hari` varchar(100) NOT NULL,
  `ruangan` varchar(255) NOT NULL,
  `id_trx` int(11) NOT NULL
) ENGINE=InnoDB DEFAULT CHARSET=utf8mb4;

--
-- Dumping data for table `jadwal`
--

INSERT INTO `jadwal` (`id`, `dosen1`, `dosen2`, `mk`, `kode_mk`, `kelas`, `sks`, `hari`, `ruangan`, `id_trx`) VALUES
(49, '23', NULL, 'AKUNTANSI DASAR', 'FSI23117', 'bukit', 2, '2', '3', 25),
(50, '23', NULL, 'AKUNTANSI DASAR', 'FSI23117', 'bukit', 2, '2', '4', 25),
(51, '24', NULL, 'ALGORITMA DAN PEMROGRAMAN II', 'FSI16117', 'bukit', 3, '2', '3', 25),
(52, '30', NULL, 'ALGORITMA DAN PEMROGRAMAN II', 'FSI16117', 'bukit', 3, '2', '4', 25),
(53, '10', NULL, 'ANALISIS DAN PERANCANGAN SISTEM INFORMASI II', 'FSI18217', 'bukit', 3, '2', '7', 25),
(54, '10', NULL, 'ANALISIS DAN PERANCANGAN SISTEM INFORMASI II', 'FSI18217', 'bukit', 3, '2', '8', 25),
(55, '12', NULL, 'AUDIT SISTEM INFORMASI', 'FSI38217', 'bukit', 3, '2', '13', 25),
(56, '26', NULL, 'BASIS DATA II', 'FSI19217', 'bukit', 3, '2', '7', 25),
(57, '14', NULL, 'BASIS DATA II', 'FSI19217', 'bukit', 3, '2', '8', 25),
(58, '6', NULL, 'E-GOVERNMENT', 'FSI34217', 'bukit', 3, '2', '13', 25),
(59, '1', NULL, 'ENTERPRISE RESOURCE PLANNING', 'FSI110317', 'bukit', 3, '2', '11', 25),
(60, '1', NULL, 'ENTERPRISE RESOURCE PLANNING', 'FSI110317', 'bukit', 3, '2', '12', 25),
(61, '29', NULL, 'INFRASTRUKTUR TI', 'FSI37217', 'bukit', 3, '2', '13', 25),
(62, '19', NULL, 'KECERDASAN BISNIS', 'FSI31217', 'bukit', 3, '2', '13', 25),
(63, '15', NULL, 'KEWIRAUSAHAAN', 'FIK007317', 'bukit', 2, '2', '11', 25),
(64, '15', NULL, 'KEWIRAUSAHAAN', 'FIK007317', 'bukit', 2, '2', '12', 25),
(65, '11', NULL, 'KOMUNIKASI DATA DAN JARINGAN KOMPUTER', 'FSI17217', 'bukit', 3, '2', '7', 25),
(66, '11', NULL, 'KOMUNIKASI DATA DAN JARINGAN KOMPUTER', 'FSI17217', 'bukit', 3, '2', '8', 25),
(67, '14', NULL, 'KONSEP SISTEM INFORMASI', 'FSI18117', 'bukit', 3, '2', '3', 25),
(68, '5', NULL, 'KONSEP SISTEM INFORMASI', 'FSI18117', 'bukit', 3, '2', '4', 25),
(69, '31', NULL, 'MANAJEMEN PENGETAHUAN', 'FSI32217', 'bukit', 3, '2', '13', 25),
(70, '2', NULL, 'MANAJEMEN SISTEM INFORMASI', 'FSI35217', 'bukit', 3, '2', '13', 25),
(71, '20', NULL, 'METODOLOGI PENELITIAN', 'FIK002317', 'bukit', 2, '2', '11', 25),
(72, '2', NULL, 'METODOLOGI PENELITIAN', 'FIK002317', 'bukit', 2, '2', '12', 25),
(73, '17', NULL, 'MULTIMEDIA', 'FSI19317', 'bukit', 3, '2', '11', 25),
(74, '17', NULL, 'MULTIMEDIA', 'FSI19317', 'bukit', 3, '2', '12', 25),
(75, '9', NULL, 'PEMROGRAMAN BERORIENTASI OBJEK', 'FSI112217', 'bukit', 3, '2', '7', 25),
(76, '9', NULL, 'PEMROGRAMAN BERORIENTASI OBJEK', 'FSI112217', 'bukit', 3, '2', '8', 25),
(77, '19', NULL, 'PEMROGRAMAN WEB II', 'FSI19117', 'bukit', 3, '2', '3', 25),
(78, '19', NULL, 'PEMROGRAMAN WEB II', 'FSI19117', 'bukit', 3, '2', '4', 25),
(79, '23', NULL, 'PRAKTIKUM AKUNTANSI DASAR', 'FSI24117', 'bukit', 1, '2', '3', 25),
(80, '23', NULL, 'PRAKTIKUM AKUNTANSI DASAR', 'FSI24117', 'bukit', 1, '2', '4', 25),
(81, '7', NULL, 'PRAKTIKUM ALGORITMA DAN PEMROGRAMAN II', 'FSI17117', 'bukit', 1, '2', '3', 25),
(82, '30', NULL, 'PRAKTIKUM ALGORITMA DAN PEMROGRAMAN II', 'FSI17117', 'bukit', 1, '2', '4', 25),
(83, '8', NULL, 'PRAKTIKUM BASIS DATA II', 'FSI110217', 'bukit', 1, '2', '7', 25),
(84, '7', NULL, 'PRAKTIKUM BASIS DATA II', 'FSI110217', 'bukit', 1, '2', '8', 25),
(85, '9', NULL, 'PRAKTIKUM PEMROGRAMAN BERORIENTASI OBJEK', 'FSI113217', 'bukit', 1, '2', '7', 25),
(86, '9', NULL, 'PRAKTIKUM PEMROGRAMAN BERORIENTASI OBJEK', 'FSI113217', 'bukit', 1, '2', '8', 25),
(87, '7', NULL, 'PRAKTIKUM PEMROGRAMAN WEB II', 'FSI110117', 'bukit', 1, '2', '3', 25),
(88, '32', NULL, 'PRAKTIKUM PEMROGRAMAN WEB II', 'FSI110117', 'bukit', 1, '2', '4', 25),
(89, '4', NULL, 'PRAKTIKUM STATISTIKA', 'FSI25217', 'bukit', 1, '2', '7', 25),
(90, '4', NULL, 'PRAKTIKUM STATISTIKA', 'FSI25217', 'bukit', 1, '2', '8', 25),
(91, '24', NULL, 'REKAYASA PERANGKAT LUNAK', 'FSI111217', 'bukit', 3, '2', '7', 25),
(92, '9', NULL, 'REKAYASA PERANGKAT LUNAK', 'FSI111217', 'bukit', 3, '2', '8', 25),
(93, '2', NULL, 'SISTEM PENDUKUNG KEPUTUSAN', 'FSI33217', 'bukit', 3, '2', '13', 25),
(94, '4', NULL, 'STATISTIKA', 'FSI24217', 'bukit', 2, '2', '7', 25),
(95, '4', NULL, 'STATISTIKA', 'FSI24217', 'bukit', 2, '2', '8', 25),
(96, '2', NULL, 'TEKNOLOGI BERGERAK', 'FSI36217', 'bukit', 3, '2', '13', 25),
(97, '23', NULL, 'AKUNTANSI DASAR', 'FSI23117', 'bukit', 2, '2', '3', 26),
(98, '23', NULL, 'AKUNTANSI DASAR', 'FSI23117', 'bukit', 2, '2', '4', 26),
(99, '24', NULL, 'ALGORITMA DAN PEMROGRAMAN II', 'FSI16117', 'bukit', 3, '2', '3', 26),
(100, '30', NULL, 'ALGORITMA DAN PEMROGRAMAN II', 'FSI16117', 'bukit', 3, '2', '4', 26),
(101, '10', NULL, 'ANALISIS DAN PERANCANGAN SISTEM INFORMASI II', 'FSI18217', 'bukit', 3, '2', '7', 26),
(102, '10', NULL, 'ANALISIS DAN PERANCANGAN SISTEM INFORMASI II', 'FSI18217', 'bukit', 3, '2', '8', 26),
(103, '12', NULL, 'AUDIT SISTEM INFORMASI', 'FSI38217', 'bukit', 3, '2', '13', 26),
(104, '26', NULL, 'BASIS DATA II', 'FSI19217', 'bukit', 3, '2', '7', 26),
(105, '14', NULL, 'BASIS DATA II', 'FSI19217', 'bukit', 3, '2', '8', 26),
(106, '6', NULL, 'E-GOVERNMENT', 'FSI34217', 'bukit', 3, '2', '13', 26),
(107, '1', NULL, 'ENTERPRISE RESOURCE PLANNING', 'FSI110317', 'bukit', 3, '2', '11', 26),
(108, '1', NULL, 'ENTERPRISE RESOURCE PLANNING', 'FSI110317', 'bukit', 3, '2', '12', 26),
(109, '29', NULL, 'INFRASTRUKTUR TI', 'FSI37217', 'bukit', 3, '2', '13', 26),
(110, '19', NULL, 'KECERDASAN BISNIS', 'FSI31217', 'bukit', 3, '2', '13', 26),
(111, '15', NULL, 'KEWIRAUSAHAAN', 'FIK007317', 'bukit', 2, '2', '11', 26),
(112, '15', NULL, 'KEWIRAUSAHAAN', 'FIK007317', 'bukit', 2, '2', '12', 26),
(113, '11', NULL, 'KOMUNIKASI DATA DAN JARINGAN KOMPUTER', 'FSI17217', 'bukit', 3, '2', '7', 26),
(114, '11', NULL, 'KOMUNIKASI DATA DAN JARINGAN KOMPUTER', 'FSI17217', 'bukit', 3, '2', '8', 26),
(115, '14', NULL, 'KONSEP SISTEM INFORMASI', 'FSI18117', 'bukit', 3, '2', '3', 26),
(116, '5', NULL, 'KONSEP SISTEM INFORMASI', 'FSI18117', 'bukit', 3, '2', '4', 26),
(117, '31', NULL, 'MANAJEMEN PENGETAHUAN', 'FSI32217', 'bukit', 3, '2', '13', 26),
(118, '2', NULL, 'MANAJEMEN SISTEM INFORMASI', 'FSI35217', 'bukit', 3, '2', '13', 26),
(119, '20', NULL, 'METODOLOGI PENELITIAN', 'FIK002317', 'bukit', 2, '2', '11', 26),
(120, '2', NULL, 'METODOLOGI PENELITIAN', 'FIK002317', 'bukit', 2, '2', '12', 26),
(121, '17', NULL, 'MULTIMEDIA', 'FSI19317', 'bukit', 3, '2', '11', 26),
(122, '17', NULL, 'MULTIMEDIA', 'FSI19317', 'bukit', 3, '2', '12', 26),
(123, '9', NULL, 'PEMROGRAMAN BERORIENTASI OBJEK', 'FSI112217', 'bukit', 3, '2', '7', 26),
(124, '9', NULL, 'PEMROGRAMAN BERORIENTASI OBJEK', 'FSI112217', 'bukit', 3, '2', '8', 26),
(125, '19', NULL, 'PEMROGRAMAN WEB II', 'FSI19117', 'bukit', 3, '2', '3', 26),
(126, '19', NULL, 'PEMROGRAMAN WEB II', 'FSI19117', 'bukit', 3, '2', '4', 26),
(127, '23', NULL, 'PRAKTIKUM AKUNTANSI DASAR', 'FSI24117', 'bukit', 1, '2', '3', 26),
(128, '23', NULL, 'PRAKTIKUM AKUNTANSI DASAR', 'FSI24117', 'bukit', 1, '2', '4', 26),
(129, '7', NULL, 'PRAKTIKUM ALGORITMA DAN PEMROGRAMAN II', 'FSI17117', 'bukit', 1, '2', '3', 26),
(130, '30', NULL, 'PRAKTIKUM ALGORITMA DAN PEMROGRAMAN II', 'FSI17117', 'bukit', 1, '2', '4', 26),
(131, '8', NULL, 'PRAKTIKUM BASIS DATA II', 'FSI110217', 'bukit', 1, '2', '7', 26),
(132, '7', NULL, 'PRAKTIKUM BASIS DATA II', 'FSI110217', 'bukit', 1, '2', '8', 26),
(133, '9', NULL, 'PRAKTIKUM PEMROGRAMAN BERORIENTASI OBJEK', 'FSI113217', 'bukit', 1, '2', '7', 26),
(134, '9', NULL, 'PRAKTIKUM PEMROGRAMAN BERORIENTASI OBJEK', 'FSI113217', 'bukit', 1, '2', '8', 26),
(135, '7', NULL, 'PRAKTIKUM PEMROGRAMAN WEB II', 'FSI110117', 'bukit', 1, '2', '3', 26),
(136, '32', NULL, 'PRAKTIKUM PEMROGRAMAN WEB II', 'FSI110117', 'bukit', 1, '2', '4', 26),
(137, '4', NULL, 'PRAKTIKUM STATISTIKA', 'FSI25217', 'bukit', 1, '2', '7', 26),
(138, '4', NULL, 'PRAKTIKUM STATISTIKA', 'FSI25217', 'bukit', 1, '2', '8', 26),
(139, '24', NULL, 'REKAYASA PERANGKAT LUNAK', 'FSI111217', 'bukit', 3, '2', '7', 26),
(140, '9', NULL, 'REKAYASA PERANGKAT LUNAK', 'FSI111217', 'bukit', 3, '2', '8', 26),
(141, '2', NULL, 'SISTEM PENDUKUNG KEPUTUSAN', 'FSI33217', 'bukit', 3, '2', '13', 26),
(142, '4', NULL, 'STATISTIKA', 'FSI24217', 'bukit', 2, '2', '7', 26),
(143, '4', NULL, 'STATISTIKA', 'FSI24217', 'bukit', 2, '2', '8', 26),
(144, '2', NULL, 'TEKNOLOGI BERGERAK', 'FSI36217', 'bukit', 3, '2', '13', 26),
(145, '25', NULL, 'AKUNTANSI DASAR', 'FSI23117', 'layo', 2, '2', '17', 26),
(146, '27', NULL, 'AKUNTANSI DASAR', 'FSI23117', 'layo', 2, '2', '18', 26),
(147, '28', NULL, 'AKUNTANSI DASAR', 'FSI23117', 'layo', 2, '2', '19', 26),
(148, '18', NULL, 'ALGORITMA DAN PEMROGRAMAN II', 'FSI16117', 'layo', 3, '2', '17', 26),
(149, '12', NULL, 'ALGORITMA DAN PEMROGRAMAN II', 'FSI16117', 'layo', 3, '2', '18', 26),
(150, '18', NULL, 'ALGORITMA DAN PEMROGRAMAN II', 'FSI16117', 'layo', 3, '2', '19', 26),
(151, '21', NULL, 'ANALISIS DAN PERANCANGAN SISTEM INFORMASI II', 'FSI18217', 'layo', 3, '2', '23', 26),
(152, '21', NULL, 'ANALISIS DAN PERANCANGAN SISTEM INFORMASI II', 'FSI18217', 'layo', 3, '2', '24', 26),
(153, '30', NULL, 'AUDIT SISTEM INFORMASI', 'FSI38217', 'layo', 3, '2', '32', 26),
(154, '1', NULL, 'BASIS DATA II', 'FSI19217', 'layo', 3, '2', '23', 26),
(155, '1', NULL, 'BASIS DATA II', 'FSI19217', 'layo', 3, '2', '24', 26),
(156, '5', NULL, 'E-GOVERNMENT', 'FSI34217', 'layo', 3, '2', '32', 26),
(157, '16', NULL, 'ENTERPRISE RESOURCE PLANNING', 'FSI110317', 'layo', 3, '2', '29', 26),
(158, '16', NULL, 'ENTERPRISE RESOURCE PLANNING', 'FSI110317', 'layo', 3, '2', '30', 26),
(159, '29', NULL, 'INFRASTRUKTUR TI', 'FSI37217', 'layo', 3, '2', '32', 26),
(160, '1', NULL, 'KECERDASAN BISNIS', 'FSI31217', 'layo', 3, '2', '32', 26),
(161, '15', NULL, 'KEWIRAUSAHAAN', 'FIK007317', 'layo', 2, '2', '29', 26),
(162, '15', NULL, 'KEWIRAUSAHAAN', 'FIK007317', 'layo', 2, '2', '30', 26),
(163, '17', NULL, 'KOMUNIKASI DATA DAN JARINGAN KOMPUTER', 'FSI17217', 'layo', 3, '2', '23', 26),
(164, '17', NULL, 'KOMUNIKASI DATA DAN JARINGAN KOMPUTER', 'FSI17217', 'layo', 3, '2', '24', 26),
(165, '14', NULL, 'KONSEP SISTEM INFORMASI', 'FSI18117', 'layo', 3, '2', '17', 26),
(166, '12', NULL, 'KONSEP SISTEM INFORMASI', 'FSI18117', 'layo', 3, '2', '18', 26),
(167, '4', NULL, 'KONSEP SISTEM INFORMASI', 'FSI18117', 'layo', 3, '2', '19', 26),
(168, '19', NULL, 'MANAJEMEN PENGETAHUAN', 'FSI32217', 'layo', 3, '2', '32', 26),
(169, '5', NULL, 'MANAJEMEN SISTEM INFORMASI', 'FSI35217', 'layo', 3, '2', '32', 26),
(170, '18', NULL, 'METODOLOGI PENELITIAN', 'FIK002317', 'layo', 2, '2', '29', 26),
(171, '18', NULL, 'METODOLOGI PENELITIAN', 'FIK002317', 'layo', 2, '2', '30', 26),
(172, '29', NULL, 'MULTIMEDIA', 'FSI19317', 'layo', 3, '2', '29', 26),
(173, '29', NULL, 'MULTIMEDIA', 'FSI19317', 'layo', 3, '2', '30', 26),
(174, '12', NULL, 'PEMROGRAMAN BERORIENTASI OBJEK', 'FSI112217', 'layo', 3, '2', '23', 26),
(175, '30', NULL, 'PEMROGRAMAN BERORIENTASI OBJEK', 'FSI112217', 'layo', 3, '2', '24', 26),
(176, '31', NULL, 'PEMROGRAMAN WEB II', 'FSI19117', 'layo', 3, '2', '17', 26),
(177, '31', NULL, 'PEMROGRAMAN WEB II', 'FSI19117', 'layo', 3, '2', '18', 26),
(178, '31', NULL, 'PEMROGRAMAN WEB II', 'FSI19117', 'layo', 3, '2', '19', 26),
(179, '20', NULL, 'PENGEMBANGAN DAN PEMASARAN PRODUK', 'FSI39217', 'layo', 3, '2', '32', 26),
(180, '25', NULL, 'PRAKTIKUM AKUNTANSI DASAR', 'FSI24117', 'layo', 1, '2', '17', 26),
(181, '27', NULL, 'PRAKTIKUM AKUNTANSI DASAR', 'FSI24117', 'layo', 1, '2', '18', 26),
(182, '28', NULL, 'PRAKTIKUM AKUNTANSI DASAR', 'FSI24117', 'layo', 1, '2', '19', 26),
(183, '10', NULL, 'PRAKTIKUM ALGORITMA DAN PEMROGRAMAN II', 'FSI17117', 'layo', 1, '2', '17', 26),
(184, '10', NULL, 'PRAKTIKUM ALGORITMA DAN PEMROGRAMAN II', 'FSI17117', 'layo', 1, '2', '18', 26),
(185, '7', NULL, 'PRAKTIKUM ALGORITMA DAN PEMROGRAMAN II', 'FSI17117', 'layo', 1, '2', '19', 26),
(186, '8', NULL, 'PRAKTIKUM BASIS DATA II', 'FSI110217', 'layo', 1, '2', '23', 26),
(187, '8', NULL, 'PRAKTIKUM BASIS DATA II', 'FSI110217', 'layo', 1, '2', '24', 26),
(188, '30', NULL, 'PRAKTIKUM PEMROGRAMAN BERORIENTASI OBJEK', 'FSI113217', 'layo', 1, '2', '23', 26),
(189, '30', NULL, 'PRAKTIKUM PEMROGRAMAN BERORIENTASI OBJEK', 'FSI113217', 'layo', 1, '2', '24', 26),
(190, '7', NULL, 'PRAKTIKUM PEMROGRAMAN WEB II', 'FSI110117', 'layo', 1, '2', '17', 26),
(191, '7', NULL, 'PRAKTIKUM PEMROGRAMAN WEB II', 'FSI110117', 'layo', 1, '2', '18', 26),
(192, '32', NULL, 'PRAKTIKUM PEMROGRAMAN WEB II', 'FSI110117', 'layo', 1, '2', '19', 26),
(193, '20', NULL, 'PRAKTIKUM STATISTIKA', 'FSI25217', 'layo', 1, '2', '23', 26),
(194, '32', NULL, 'PRAKTIKUM STATISTIKA', 'FSI25217', 'layo', 1, '2', '24', 26),
(195, '13', NULL, 'REKAYASA PERANGKAT LUNAK', 'FSI111217', 'layo', 3, '2', '23', 26),
(196, '17', NULL, 'REKAYASA PERANGKAT LUNAK', 'FSI111217', 'layo', 3, '2', '24', 26),
(197, '4', NULL, 'SISTEM PENDUKUNG KEPUTUSAN', 'FSI33217', 'layo', 3, '2', '32', 26),
(198, '20', NULL, 'STATISTIKA', 'FSI24217', 'layo', 2, '2', '23', 26),
(199, '32', NULL, 'STATISTIKA', 'FSI24217', 'layo', 2, '2', '24', 26),
(200, '31', NULL, 'TEKNOLOGI BERGERAK', 'FSI36217', 'layo', 3, '2', '32', 26);

-- --------------------------------------------------------

--
-- Table structure for table `kelas`
--

CREATE TABLE `kelas` (
  `id` int(11) NOT NULL,
  `nama_kelas` varchar(10) NOT NULL
) ENGINE=InnoDB DEFAULT CHARSET=latin1;

--
-- Dumping data for table `kelas`
--

INSERT INTO `kelas` (`id`, `nama_kelas`) VALUES
(1, 'BIL1A'),
(2, 'BIL1B'),
(3, 'BIL2A'),
(4, 'BIL2B'),
(5, 'BIL3A'),
(6, 'BIL3B'),
(7, 'BIL4A'),
(8, 'BIL4B'),
(9, 'BIL5A'),
(10, 'BIL5B'),
(11, 'BIL6A'),
(12, 'BIL6B'),
(13, 'BILPIL'),
(14, 'REG1A'),
(15, 'REG1B'),
(16, 'REG1C'),
(17, 'REG2A'),
(18, 'REG2B'),
(19, 'REG2C'),
(20, 'REG3A'),
(21, 'REG3B'),
(22, 'REG3C'),
(23, 'REG4A'),
(24, 'REG4B'),
(25, 'REG4C'),
(26, 'REG5A'),
(27, 'REG5B'),
(28, 'REG5C'),
(29, 'REG6A'),
(30, 'REG6B'),
(31, 'REG6C'),
(32, 'REGPIL');

-- --------------------------------------------------------

--
-- Table structure for table `mk`
--

CREATE TABLE `mk` (
  `id` int(11) NOT NULL,
  `dosen1` int(11) NOT NULL,
  `dosen2` int(11) DEFAULT NULL,
  `nama_mk` varchar(50) NOT NULL,
  `sks` int(1) NOT NULL,
  `kelas` int(11) NOT NULL,
  `kode_mk` varchar(15) NOT NULL,
  `lokasi` int(2) NOT NULL
) ENGINE=InnoDB DEFAULT CHARSET=latin1;

--
-- Dumping data for table `mk`
--

INSERT INTO `mk` (`id`, `dosen1`, `dosen2`, `nama_mk`, `sks`, `kelas`, `kode_mk`, `lokasi`) VALUES
(1, 23, NULL, 'AKUNTANSI DASAR', 2, 3, 'FSI23117', 0),
(2, 23, NULL, 'AKUNTANSI DASAR', 2, 4, 'FSI23117', 0),
(6, 25, NULL, 'AKUNTANSI DASAR', 2, 17, 'FSI23117', 1),
(7, 27, NULL, 'AKUNTANSI DASAR', 2, 18, 'FSI23117', 1),
(8, 28, NULL, 'AKUNTANSI DASAR', 2, 19, 'FSI23117', 1),
(9, 24, NULL, 'ALGORITMA DAN PEMROGRAMAN II', 3, 3, 'FSI16117', 0),
(10, 30, NULL, 'ALGORITMA DAN PEMROGRAMAN II', 3, 4, 'FSI16117', 0),
(11, 18, NULL, 'ALGORITMA DAN PEMROGRAMAN II', 3, 17, 'FSI16117', 1),
(14, 12, NULL, 'ALGORITMA DAN PEMROGRAMAN II', 3, 18, 'FSI16117', 1),
(15, 18, NULL, 'ALGORITMA DAN PEMROGRAMAN II', 3, 19, 'FSI16117', 1),
(16, 10, NULL, 'ANALISIS DAN PERANCANGAN SISTEM INFORMASI II', 3, 7, 'FSI18217', 0),
(17, 10, NULL, 'ANALISIS DAN PERANCANGAN SISTEM INFORMASI II', 3, 8, 'FSI18217', 0),
(18, 21, NULL, 'ANALISIS DAN PERANCANGAN SISTEM INFORMASI II', 3, 23, 'FSI18217', 1),
(19, 21, NULL, 'ANALISIS DAN PERANCANGAN SISTEM INFORMASI II', 3, 24, 'FSI18217', 1),
(20, 12, NULL, 'AUDIT SISTEM INFORMASI', 3, 13, 'FSI38217', 0),
(21, 30, NULL, 'AUDIT SISTEM INFORMASI', 3, 32, 'FSI38217', 1),
(22, 26, NULL, 'BASIS DATA II', 3, 7, 'FSI19217', 0),
(23, 14, NULL, 'BASIS DATA II', 3, 8, 'FSI19217', 0),
(24, 1, NULL, 'BASIS DATA II', 3, 23, 'FSI19217', 1),
(25, 1, NULL, 'BASIS DATA II', 3, 24, 'FSI19217', 1),
(26, 6, NULL, 'E-GOVERNMENT', 3, 13, 'FSI34217', 0),
(27, 5, NULL, 'E-GOVERNMENT', 3, 32, 'FSI34217', 1),
(28, 1, NULL, 'ENTERPRISE RESOURCE PLANNING', 3, 11, 'FSI110317', 0),
(29, 1, NULL, 'ENTERPRISE RESOURCE PLANNING', 3, 12, 'FSI110317', 0),
(30, 16, NULL, 'ENTERPRISE RESOURCE PLANNING', 3, 29, 'FSI110317', 1),
(31, 16, NULL, 'ENTERPRISE RESOURCE PLANNING', 3, 30, 'FSI110317', 1),
(32, 29, NULL, 'INFRASTRUKTUR TI', 3, 13, 'FSI37217', 0),
(33, 29, NULL, 'INFRASTRUKTUR TI', 3, 32, 'FSI37217', 1),
(34, 19, NULL, 'KECERDASAN BISNIS', 3, 13, 'FSI31217', 0),
(35, 1, NULL, 'KECERDASAN BISNIS', 3, 32, 'FSI31217', 1),
(36, 15, NULL, 'KEWIRAUSAHAAN', 2, 11, 'FIK007317', 0),
(37, 15, NULL, 'KEWIRAUSAHAAN', 2, 12, 'FIK007317', 0),
(38, 15, NULL, 'KEWIRAUSAHAAN', 2, 29, 'FIK007317', 1),
(39, 15, NULL, 'KEWIRAUSAHAAN', 2, 30, 'FIK007317', 1),
(40, 11, NULL, 'KOMUNIKASI DATA DAN JARINGAN KOMPUTER', 3, 7, 'FSI17217', 0),
(41, 11, NULL, 'KOMUNIKASI DATA DAN JARINGAN KOMPUTER', 3, 8, 'FSI17217', 0),
(42, 17, NULL, 'KOMUNIKASI DATA DAN JARINGAN KOMPUTER', 3, 23, 'FSI17217', 1),
(43, 17, NULL, 'KOMUNIKASI DATA DAN JARINGAN KOMPUTER', 3, 24, 'FSI17217', 1),
(44, 14, NULL, 'KONSEP SISTEM INFORMASI', 3, 3, 'FSI18117', 0),
(45, 5, NULL, 'KONSEP SISTEM INFORMASI', 3, 4, 'FSI18117', 0),
(46, 14, NULL, 'KONSEP SISTEM INFORMASI', 3, 17, 'FSI18117', 1),
(47, 12, NULL, 'KONSEP SISTEM INFORMASI', 3, 18, 'FSI18117', 1),
(48, 4, NULL, 'KONSEP SISTEM INFORMASI', 3, 19, 'FSI18117', 1),
(49, 31, NULL, 'MANAJEMEN PENGETAHUAN', 3, 13, 'FSI32217', 0),
(50, 19, NULL, 'MANAJEMEN PENGETAHUAN', 3, 32, 'FSI32217', 1),
(51, 2, NULL, 'MANAJEMEN SISTEM INFORMASI', 3, 13, 'FSI35217', 0),
(52, 5, NULL, 'MANAJEMEN SISTEM INFORMASI', 3, 32, 'FSI35217', 1),
(53, 20, NULL, 'METODOLOGI PENELITIAN', 2, 11, 'FIK002317', 0),
(54, 2, NULL, 'METODOLOGI PENELITIAN', 2, 12, 'FIK002317', 0),
(55, 18, NULL, 'METODOLOGI PENELITIAN', 2, 29, 'FIK002317', 1),
(56, 18, NULL, 'METODOLOGI PENELITIAN', 2, 30, 'FIK002317', 1),
(57, 17, NULL, 'MULTIMEDIA', 3, 11, 'FSI19317', 0),
(58, 17, NULL, 'MULTIMEDIA', 3, 12, 'FSI19317', 0),
(59, 29, NULL, 'MULTIMEDIA', 3, 29, 'FSI19317', 1),
(60, 29, NULL, 'MULTIMEDIA', 3, 30, 'FSI19317', 1),
(61, 9, NULL, 'PEMROGRAMAN BERORIENTASI OBJEK', 3, 7, 'FSI112217', 0),
(62, 9, NULL, 'PEMROGRAMAN BERORIENTASI OBJEK', 3, 8, 'FSI112217', 0),
(63, 12, NULL, 'PEMROGRAMAN BERORIENTASI OBJEK', 3, 23, 'FSI112217', 1),
(64, 30, NULL, 'PEMROGRAMAN BERORIENTASI OBJEK', 3, 24, 'FSI112217', 1),
(65, 19, NULL, 'PEMROGRAMAN WEB II', 3, 3, 'FSI19117', 0),
(66, 19, NULL, 'PEMROGRAMAN WEB II', 3, 4, 'FSI19117', 0),
(67, 31, NULL, 'PEMROGRAMAN WEB II', 3, 17, 'FSI19117', 1),
(68, 31, NULL, 'PEMROGRAMAN WEB II', 3, 18, 'FSI19117', 1),
(69, 31, NULL, 'PEMROGRAMAN WEB II', 3, 19, 'FSI19117', 1),
(70, 20, NULL, 'PENGEMBANGAN DAN PEMASARAN PRODUK', 3, 32, 'FSI39217', 1),
(71, 23, NULL, 'PRAKTIKUM AKUNTANSI DASAR', 1, 3, 'FSI24117', 0),
(72, 23, NULL, 'PRAKTIKUM AKUNTANSI DASAR', 1, 4, 'FSI24117', 0),
(73, 25, NULL, 'PRAKTIKUM AKUNTANSI DASAR', 1, 17, 'FSI24117', 1),
(74, 27, NULL, 'PRAKTIKUM AKUNTANSI DASAR', 1, 18, 'FSI24117', 1),
(75, 28, NULL, 'PRAKTIKUM AKUNTANSI DASAR', 1, 19, 'FSI24117', 1),
(76, 7, NULL, 'PRAKTIKUM ALGORITMA DAN PEMROGRAMAN II', 1, 3, 'FSI17117', 0),
(77, 30, NULL, 'PRAKTIKUM ALGORITMA DAN PEMROGRAMAN II', 1, 4, 'FSI17117', 0),
(78, 10, NULL, 'PRAKTIKUM ALGORITMA DAN PEMROGRAMAN II', 1, 17, 'FSI17117', 1),
(79, 10, NULL, 'PRAKTIKUM ALGORITMA DAN PEMROGRAMAN II', 1, 18, 'FSI17117', 1),
(80, 7, NULL, 'PRAKTIKUM ALGORITMA DAN PEMROGRAMAN II', 1, 19, 'FSI17117', 1),
(81, 8, NULL, 'PRAKTIKUM BASIS DATA II', 1, 7, 'FSI110217', 0),
(82, 7, NULL, 'PRAKTIKUM BASIS DATA II', 1, 8, 'FSI110217', 0),
(83, 8, NULL, 'PRAKTIKUM BASIS DATA II', 1, 23, 'FSI110217', 1),
(84, 8, NULL, 'PRAKTIKUM BASIS DATA II', 1, 24, 'FSI110217', 1),
(85, 9, NULL, 'PRAKTIKUM PEMROGRAMAN BERORIENTASI OBJEK', 1, 7, 'FSI113217', 0),
(86, 9, NULL, 'PRAKTIKUM PEMROGRAMAN BERORIENTASI OBJEK', 1, 8, 'FSI113217', 0),
(87, 30, NULL, 'PRAKTIKUM PEMROGRAMAN BERORIENTASI OBJEK', 1, 23, 'FSI113217', 1),
(88, 30, NULL, 'PRAKTIKUM PEMROGRAMAN BERORIENTASI OBJEK', 1, 24, 'FSI113217', 1),
(89, 7, NULL, 'PRAKTIKUM PEMROGRAMAN WEB II', 1, 3, 'FSI110117', 0),
(90, 32, NULL, 'PRAKTIKUM PEMROGRAMAN WEB II', 1, 4, 'FSI110117', 0),
(91, 7, NULL, 'PRAKTIKUM PEMROGRAMAN WEB II', 1, 17, 'FSI110117', 1),
(92, 7, NULL, 'PRAKTIKUM PEMROGRAMAN WEB II', 1, 18, 'FSI110117', 1),
(93, 32, NULL, 'PRAKTIKUM PEMROGRAMAN WEB II', 1, 19, 'FSI110117', 1),
(94, 4, NULL, 'PRAKTIKUM STATISTIKA', 1, 7, 'FSI25217', 0),
(95, 4, NULL, 'PRAKTIKUM STATISTIKA', 1, 8, 'FSI25217', 0),
(96, 20, NULL, 'PRAKTIKUM STATISTIKA', 1, 23, 'FSI25217', 1),
(97, 32, NULL, 'PRAKTIKUM STATISTIKA', 1, 24, 'FSI25217', 1),
(98, 24, NULL, 'REKAYASA PERANGKAT LUNAK', 3, 7, 'FSI111217', 0),
(99, 9, NULL, 'REKAYASA PERANGKAT LUNAK', 3, 8, 'FSI111217', 0),
(100, 13, NULL, 'REKAYASA PERANGKAT LUNAK', 3, 23, 'FSI111217', 1),
(101, 17, NULL, 'REKAYASA PERANGKAT LUNAK', 3, 24, 'FSI111217', 1),
(102, 2, NULL, 'SISTEM PENDUKUNG KEPUTUSAN', 3, 13, 'FSI33217', 0),
(103, 4, NULL, 'SISTEM PENDUKUNG KEPUTUSAN', 3, 32, 'FSI33217', 1),
(104, 4, NULL, 'STATISTIKA', 2, 7, 'FSI24217', 0),
(105, 4, NULL, 'STATISTIKA', 2, 8, 'FSI24217', 0),
(106, 20, NULL, 'STATISTIKA', 2, 23, 'FSI24217', 1),
(107, 32, NULL, 'STATISTIKA', 2, 24, 'FSI24217', 1),
(108, 2, NULL, 'TEKNOLOGI BERGERAK', 3, 13, 'FSI36217', 0),
(109, 31, NULL, 'TEKNOLOGI BERGERAK', 3, 32, 'FSI36217', 1);

-- --------------------------------------------------------

--
-- Table structure for table `trx`
--

CREATE TABLE `trx` (
  `id` int(11) NOT NULL,
  `tanggal` date NOT NULL,
  `th_ajaran` varchar(10) NOT NULL
) ENGINE=InnoDB DEFAULT CHARSET=utf8mb4;

--
-- Dumping data for table `trx`
--

INSERT INTO `trx` (`id`, `tanggal`, `th_ajaran`) VALUES
(21, '0000-00-00', '2020'),
(22, '0000-00-00', '2020'),
(23, '0000-00-00', '2020'),
(24, '0000-00-00', '2020'),
(25, '0000-00-00', '2020'),
(26, '0000-00-00', '2020');

--
-- Indexes for dumped tables
--

--
-- Indexes for table `dosen`
--
ALTER TABLE `dosen`
  ADD PRIMARY KEY (`id`);

--
-- Indexes for table `jadwal`
--
ALTER TABLE `jadwal`
  ADD PRIMARY KEY (`id`);

--
-- Indexes for table `kelas`
--
ALTER TABLE `kelas`
  ADD PRIMARY KEY (`id`);

--
-- Indexes for table `mk`
--
ALTER TABLE `mk`
  ADD PRIMARY KEY (`id`),
  ADD KEY `dosen1` (`dosen1`),
  ADD KEY `kelas` (`kelas`),
  ADD KEY `mk_ibfk_2` (`dosen2`);

--
-- Indexes for table `trx`
--
ALTER TABLE `trx`
  ADD PRIMARY KEY (`id`);

--
-- AUTO_INCREMENT for dumped tables
--

--
-- AUTO_INCREMENT for table `dosen`
--
ALTER TABLE `dosen`
  MODIFY `id` int(11) NOT NULL AUTO_INCREMENT, AUTO_INCREMENT=36;

--
-- AUTO_INCREMENT for table `jadwal`
--
ALTER TABLE `jadwal`
  MODIFY `id` int(11) NOT NULL AUTO_INCREMENT, AUTO_INCREMENT=201;

--
-- AUTO_INCREMENT for table `kelas`
--
ALTER TABLE `kelas`
  MODIFY `id` int(11) NOT NULL AUTO_INCREMENT, AUTO_INCREMENT=33;

--
-- AUTO_INCREMENT for table `mk`
--
ALTER TABLE `mk`
  MODIFY `id` int(11) NOT NULL AUTO_INCREMENT, AUTO_INCREMENT=110;

--
-- AUTO_INCREMENT for table `trx`
--
ALTER TABLE `trx`
  MODIFY `id` int(11) NOT NULL AUTO_INCREMENT, AUTO_INCREMENT=27;

--
-- Constraints for dumped tables
--

--
-- Constraints for table `mk`
--
ALTER TABLE `mk`
  ADD CONSTRAINT `mk_ibfk_1` FOREIGN KEY (`dosen1`) REFERENCES `dosen` (`id`) ON DELETE CASCADE ON UPDATE CASCADE,
  ADD CONSTRAINT `mk_ibfk_2` FOREIGN KEY (`dosen2`) REFERENCES `dosen` (`id`) ON DELETE CASCADE ON UPDATE CASCADE,
  ADD CONSTRAINT `mk_ibfk_3` FOREIGN KEY (`kelas`) REFERENCES `kelas` (`id`) ON DELETE CASCADE ON UPDATE CASCADE;
COMMIT;

/*!40101 SET CHARACTER_SET_CLIENT=@OLD_CHARACTER_SET_CLIENT */;
/*!40101 SET CHARACTER_SET_RESULTS=@OLD_CHARACTER_SET_RESULTS */;
/*!40101 SET COLLATION_CONNECTION=@OLD_COLLATION_CONNECTION */;
